<?xml version="1.0" encoding="UTF-8"?>
<project-private xmlns="http://www.netbeans.org/ns/project-private/1">
    <editor-bookmarks xmlns="http://www.netbeans.org/ns/editor-bookmarks/2" lastBookmarkId="0"/>
    <open-files xmlns="http://www.netbeans.org/ns/projectui-open-files/2">
        <group>
            <file>file:/C:/Users/matheus_b_stein/Documents/NetBeansProjects/webAulaMarcio_/web/index.html</file>
            <file>file:/C:/Users/matheus_b_stein/Documents/NetBeansProjects/webAulaMarcio_/web/usuarioBloqueado.jsp</file>
            <file>file:/C:/Users/matheus_b_stein/Documents/NetBeansProjects/webAulaMarcio_/web/deptoExcluir.jsp</file>
            <file>file:/C:/Users/matheus_b_stein/Documents/NetBeansProjects/webAulaMarcio_/web/redefinirSenha.jsp</file>
            <file>file:/C:/Users/matheus_b_stein/Documents/NetBeansProjects/webAulaMarcio_/web/usuarioNaoCadastrado.html</file>
            <file>file:/C:/Users/matheus_b_stein/Documents/NetBeansProjects/webAulaMarcio_/web/menu.jsp</file>
            <file>file:/C:/Users/matheus_b_stein/Documents/NetBeansProjects/webAulaMarcio_/src/java/controlefuncionario/Usuario.java</file>
            <file>file:/C:/Users/matheus_b_stein/Documents/NetBeansProjects/webAulaMarcio_/web/redefinirUsuario.jsp</file>
            <file>file:/C:/Users/matheus_b_stein/Documents/NetBeansProjects/webAulaMarcio_/web/autenticarUsuario.jsp</file>
        </group>
    </open-files>
</project-private>
